{
  "meta": {
    "instanceId": "ozon-telegram-bot-instance"
  },
  "name": "Ozon Telegram Bot - Orders Analytics",
  "nodes": [],
  "connections": {},
  "pinData": {},
  "settings": {
    "executionOrder": "v1"
  },
  "staticData": null,
  "tags": ["ozon", "telegram", "analytics"],
  "triggerCount": 0,
  "updatedAt": "2025-10-01T00:00:00.000Z",
  "versionId": "1",
  "comments": "This is a template - import the complete workflow using n8n UI import function. See README.md for setup instructions."
}
